ubigeo,total_emergencias
010101,119215.0
010201,79019.0
010307,207.0
010401,8307.0
010601,12799.0
010701,75723.0
020101,137424.0
020102,0.0
020103,0.0
020104,0.0
020105,34140.0
020106,0.0
020107,0.0
020108,0.0
020109,0.0
020110,0.0
020111,0.0
020112,0.0
020201,126.0
020202,0.0
020203,0.0
020204,0.0
020205,0.0
020401,1100.0
020402,0.0
020501,430.0
020502,0.0
020503,0.0
020504,0.0
020505,11.0
020506,0.0
020507,3.0
020508,200.0
020509,0.0
020510,0.0
020511,0.0
020512,0.0
020513,0.0
020514,0.0
020515,0.0
020601,29100.0
020602,0.0
020603,0.0
020604,0.0
020605,0.0
020606,392.0
020607,0.0
020608,0.0
020609,0.0
020610,0.0
020611,0.0
020801,84403.0
020802,0.0
020803,0.0
020804,0.0
021001,15499.0
021101,66007.0
021102,0.0
021103,0.0
021104,0.0
021105,0.0
021201,31320.0
021301,2003.0
021302,0.0
021303,209.0
021304,721.0
021305,350.0
021306,5960.0
021307,0.0
021308,412.0
021401,0.0
021402,0.0
021403,0.0
021404,0.0
021405,0.0
021406,0.0
021407,0.0
021408,0.0
021409,0.0
021410,0.0
021501,117.0
021503,2328.0
021508,158.0
021509,752.0
021601,20833.0
021602,0.0
021603,172774.0
021604,127643.0
021701,12152.0
021702,0.0
021703,0.0
021704,0.0
021705,0.0
021706,0.0
021707,0.0
021708,0.0
021709,0.0
021710,0.0
021801,1052122.0
021802,0.0
021803,61640.0
021805,0.0
021806,10358.0
021807,0.0
021809,307465.0
021901,18959.0
021902,16390.0
021903,15602.0
021904,0.0
021905,63582.0
021906,0.0
021907,72935.0
021908,0.0
021909,0.0
021910,0.0
022001,19938.0
022003,0.0
022005,0.0
030101,246468.0
030104,14167.0
030201,141899.0
030501,99199.0
030601,5986.0
040101,1370543.0
040102,0.0
040103,138539.0
040104,93629.0
040105,0.0
040106,0.0
040107,44013.0
040108,955.0
040109,20077.0
040110,2195.0
040111,0.0
040112,597960.0
040113,0.0
040114,0.0
040115,0.0
040116,0.0
040117,0.0
040118,0.0
040119,0.0
040120,0.0
040121,0.0
040122,26773.0
040123,0.0
040124,0.0
040125,0.0
040126,1896263.0
040127,0.0
040128,0.0
040129,0.0
040201,42057.0
040202,0.0
040203,0.0
040204,0.0
040205,0.0
040206,0.0
040207,0.0
040208,92680.0
040302,1437.0
040303,0.0
040307,612.0
040401,16953.0
040402,0.0
040403,0.0
040404,0.0
040405,0.0
040406,0.0
040408,0.0
040409,0.0
040410,633.0
040411,0.0
040412,0.0
040413,719.0
040414,0.0
040501,11496.0
040502,0.0
040503,0.0
040504,0.0
040505,0.0
040506,0.0
040507,0.0
040508,0.0
040509,0.0
040510,0.0
040511,0.0
040512,0.0
040513,0.0
040514,0.0
040515,0.0
040516,0.0
040517,0.0
040518,0.0
040519,0.0
040520,82566.0
040601,2546.0
040602,0.0
040603,0.0
040604,0.0
040605,0.0
040607,0.0
040608,0.0
040701,283640.0
040702,147.0
040703,3690.0
040704,876.0
040705,0.0
040706,470.0
040801,3222.0
040802,0.0
040803,0.0
040804,0.0
040805,0.0
040806,0.0
040807,0.0
040808,0.0
040809,0.0
040810,0.0
040811,0.0
050101,101339.0
050102,129.0
050104,4918.0
050105,0.0
050106,81.0
050107,0.0
050109,0.0
050110,380350.0
050111,0.0
050112,0.0
050113,0.0
050114,21.0
050115,8625.0
050116,10107.0
050201,5778.0
050202,118.0
050203,2372.0
050204,140.0
050205,12.0
050206,19.0
050301,909.0
050302,0.0
050303,0.0
050304,0.0
050401,15608.0
050407,4091.0
050501,150330.0
050503,8291.0
050509,136.0
050601,19647.0
050701,11635.0
050901,1840.0
050902,0.0
050903,0.0
050904,0.0
050905,0.0
050906,0.0
050907,0.0
050908,0.0
050909,0.0
050910,0.0
050911,140.0
051001,726.0
051002,0.0
051003,0.0
051004,0.0
051005,52.0
051006,0.0
051007,0.0
051008,0.0
051009,0.0
051010,54.0
051011,0.0
051012,0.0
051101,2198.0
051102,0.0
051103,0.0
051104,0.0
051105,0.0
051106,0.0
051107,0.0
051108,228.0
060101,357818.0
060102,8.0
060103,67.0
060104,4.0
060105,0.0
060106,208.0
060107,0.0
060108,6957.0
060109,14.0
060110,0.0
060111,11.0
060112,7.0
060201,19631.0
060301,24508.0
060302,10.0
060303,0.0
060305,0.0
060306,2.0
060307,0.0
060308,67.0
060310,269.0
060312,35.0
060401,24225.0
060501,1264.0
060502,5523.0
060503,0.0
060504,0.0
060505,1.0
060506,0.0
060507,7.0
060508,4049.0
060601,31126.0
060602,373.0
060603,0.0
060604,0.0
060605,58.0
060606,0.0
060607,461.0
060608,0.0
060609,0.0
060610,0.0
060611,0.0
060612,0.0
060613,0.0
060614,0.0
060615,0.0
060701,13449.0
060703,0.0
060801,209371.0
060802,8522.0
060803,1308.0
060804,1074.0
060805,367.0
060806,275.0
060807,1110.0
060808,5344.0
060809,738.0
060810,169.0
060811,1799.0
060812,3988.0
060901,9644.0
060902,0.0
060903,0.0
060904,348.0
060905,0.0
060906,0.0
060907,343.0
061001,10414.0
061002,30.0
061003,2.0
061004,86.0
061005,188.0
061006,84.0
061007,1174.0
061101,853.0
061102,0.0
061103,0.0
061104,0.0
061105,0.0
061106,0.0
061107,0.0
061108,0.0
061109,0.0
061110,0.0
061111,0.0
061112,0.0
061113,0.0
061201,2323.0
061202,0.0
061203,0.0
061204,0.0
070101,1413415.0
070102,990565.0
070103,252048.0
070104,87.0
070105,0.0
070106,239618.0
070107,21325.0
080101,147774.0
080104,0.0
080105,13551.0
080106,68662.0
080107,0.0
080108,623289.0
080201,0.0
080202,0.0
080203,0.0
080204,0.0
080205,0.0
080206,0.0
080207,0.0
080408,0.0
080501,0.0
080502,0.0
080503,0.0
080504,0.0
080505,0.0
080506,0.0
080507,0.0
080508,0.0
080601,76058.0
080602,0.0
080603,0.0
080604,0.0
080605,0.0
080606,0.0
080607,0.0
080608,0.0
080701,11160.0
080702,0.0
080703,0.0
080704,0.0
080705,0.0
080706,0.0
080707,0.0
080708,0.0
080801,26930.0
080802,0.0
080803,0.0
080804,0.0
080805,0.0
080806,0.0
080807,0.0
080808,0.0
080901,168450.0
080902,0.0
080903,0.0
080904,0.0
080905,0.0
080906,0.0
080907,21646.0
080908,0.0
080909,0.0
080910,3850.0
080911,0.0
080912,0.0
080913,0.0
080914,0.0
080916,0.0
080917,0.0
080918,0.0
081001,0.0
081002,0.0
081003,0.0
081004,0.0
081005,0.0
081006,0.0
081007,0.0
081008,0.0
081009,0.0
081101,0.0
081102,0.0
081103,0.0
081104,0.0
081105,0.0
081106,0.0
081201,0.0
081202,0.0
081203,0.0
081204,0.0
081205,0.0
081206,0.0
081207,16.0
081208,0.0
081209,0.0
081210,0.0
081211,0.0
081212,0.0
090101,512079.0
090102,19.0
090103,137.0
090104,3.0
090105,0.0
090106,0.0
090107,1.0
090108,44.0
090109,0.0
090110,16.0
090111,0.0
090112,77.0
090113,15.0
090114,641.0
090115,0.0
090116,2.0
090117,45921.0
090118,81362.0
090119,67.0
090201,7133.0
090202,0.0
090203,0.0
090204,538.0
090205,200.0
090206,63403.0
090207,212.0
090208,487.0
090301,48647.0
090302,462.0
090303,44.0
090304,76.0
090305,1.0
090306,30.0
090307,23.0
090308,2.0
090309,182.0
090310,0.0
090311,1.0
090312,767.0
090401,245.0
090402,4.0
090403,0.0
090404,2.0
090405,1.0
090406,15.0
090407,10.0
090408,0.0
090409,9.0
090410,0.0
090411,16.0
090412,7.0
090413,22.0
090501,12710.0
090502,9778.0
090503,2118.0
090504,2915.0
090505,1425.0
090506,5954.0
090507,8436.0
090508,2928.0
090509,7142.0
090510,2192.0
090511,8524.0
090601,875.0
090602,0.0
090603,0.0
090604,0.0
090605,0.0
090606,0.0
090607,72.0
090608,0.0
090609,0.0
090610,0.0
090611,0.0
090612,0.0
090613,0.0
090614,0.0
090615,0.0
090616,0.0
090701,22687.0
090702,63.0
090703,59.0
090704,0.0
090705,906.0
090706,360.0
090707,28.0
090709,18.0
090710,0.0
090711,106.0
090713,0.0
090714,65.0
090715,0.0
090716,37.0
090717,160.0
090718,111.0
090719,115.0
090720,50.0
090721,4.0
090722,33.0
090723,0.0
090724,0.0
090725,0.0
100101,37576.0
100102,372020.0
100103,0.0
100105,98.0
100106,0.0
100107,4925.0
100108,0.0
100109,0.0
100110,0.0
100111,0.0
100112,4.0
100201,0.0
100301,0.0
100401,0.0
100402,0.0
100403,0.0
100404,0.0
100501,6695.0
100502,0.0
100503,0.0
100504,0.0
100505,0.0
100506,0.0
100508,0.0
100509,0.0
100510,0.0
100511,0.0
100601,166138.0
100604,0.0
100605,64391.0
100801,0.0
100901,0.0
101002,0.0
110101,1241416.0
110102,8569.0
110103,0.0
110104,0.0
110105,0.0
110106,1339.0
110107,0.0
110108,15870.0
110109,0.0
110110,0.0
110111,4841.0
110112,12648.0
110113,0.0
110114,0.0
110201,603262.0
110207,173.0
110211,0.0
110301,102945.0
110304,77906.0
110305,20301.0
110401,47082.0
110402,0.0
110403,0.0
110501,486693.0
110507,0.0
120101,229370.0
120104,0.0
120105,0.0
120106,0.0
120107,2948.0
120108,0.0
120111,0.0
120112,0.0
120113,0.0
120114,432760.0
120116,0.0
120117,0.0
120119,0.0
120120,0.0
120121,0.0
120122,0.0
120124,0.0
120125,0.0
120126,0.0
120127,0.0
120128,0.0
120129,0.0
120130,0.0
120132,0.0
120133,0.0
120134,0.0
120135,0.0
120136,0.0
120201,29846.0
120202,0.0
120203,0.0
120204,0.0
120205,0.0
120206,0.0
120207,0.0
120208,0.0
120209,0.0
120210,0.0
120211,0.0
120212,0.0
120213,0.0
120214,0.0
120215,0.0
120301,145079.0
120302,7943.0
120303,47445.0
120304,0.0
120305,31769.0
120306,0.0
120401,63469.0
120402,0.0
120403,0.0
120404,0.0
120405,0.0
120406,0.0
120407,0.0
120408,0.0
120409,0.0
120410,0.0
120411,0.0
120412,0.0
120413,0.0
120414,0.0
120415,0.0
120416,0.0
120417,0.0
120418,0.0
120419,0.0
120420,0.0
120421,0.0
120422,0.0
120423,0.0
120424,0.0
120425,0.0
120426,0.0
120427,0.0
120428,0.0
120429,0.0
120430,0.0
120431,0.0
120432,0.0
120433,0.0
120434,0.0
120501,8347.0
120502,0.0
120503,0.0
120504,0.0
120601,75907.0
120602,0.0
120603,0.0
120604,36867.0
120605,0.0
120606,30726.0
120607,4520.0
120608,0.0
120609,0.0
120701,42219.0
120702,4201.0
120703,0.0
120704,2257.0
120705,0.0
120706,0.0
120707,0.0
120708,0.0
120709,0.0
120801,277.0
120802,0.0
120803,0.0
120804,20.0
120805,9.0
120806,13.0
120807,0.0
120808,24725.0
120809,0.0
120810,0.0
120901,8138.0
120902,0.0
120903,0.0
120904,0.0
120905,0.0
120906,0.0
120907,0.0
120908,0.0
120909,0.0
130101,810594.0
130102,56857.0
130103,50626.0
130104,132.0
130105,277239.0
130106,39940.0
130107,58874.0
130108,0.0
130109,1536.0
130110,0.0
130111,94571.0
130112,563.0
130201,7369.0
130202,350.0
130203,213211.0
130205,87.0
130207,0.0
130208,18748.0
130301,1118.0
130401,102242.0
130501,4964.0
130502,152.0
130503,1747.0
130504,24.0
130601,11678.0
130701,1925.0
130702,23380.0
130703,0.0
130704,126754.0
130705,0.0
130801,3909.0
130808,42.0
130901,34105.0
130902,0.0
130903,54.0
130904,0.0
130905,29.0
130906,0.0
130907,0.0
130908,0.0
131001,721.0
131101,5569.0
131201,15177.0
131202,284.0
140101,580691.0
140105,1108.0
140106,2963.0
140107,0.0
140112,376123.0
140113,9.0
140115,0.0
140117,0.0
140119,0.0
140120,0.0
140201,22245.0
140301,31664.0
140308,0.0
150101,2791449.0
150103,1088529.0
150105,205873.0
150106,575.0
150107,118.0
150108,284847.0
150110,1715621.0
150111,183617.0
150112,319239.0
150113,1270256.0
150114,667312.0
150115,858648.0
150116,50886.0
150117,175771.0
150118,215695.0
150119,0.0
150120,19773.0
150121,523501.0
150122,1338270.0
150125,228833.0
150128,80820.0
150129,94.0
150130,616800.0
150131,776740.0
150132,1159241.0
150133,572860.0
150134,34664.0
150135,562890.0
150136,706360.0
150137,291944.0
150140,376647.0
150141,60216.0
150142,786553.0
150143,1028184.0
150201,116758.0
150202,2270.0
150204,35142.0
150501,203465.0
150509,49786.0
150510,169.0
150601,237402.0
150604,0.0
150605,103121.0
150701,7230.0
150801,440894.0
150810,0.0
160101,552161.0
160107,7036.0
160108,494182.0
160113,22801.0
160201,167885.0
160301,2814.0
160601,217156.0
170101,211350.0
180101,312052.0
180104,0.0
180106,19396.0
180201,0.0
180301,202513.0
180303,22980.0
190101,20.0
190103,26733.0
190104,4447.0
190105,0.0
190107,994.0
190109,93938.0
190111,2.0
190113,34128.0
190201,5785.0
190206,17.0
190207,0.0
190301,68201.0
190302,58.0
190303,2576.0
190304,203.0
190305,776.0
190306,664.0
190307,21062.0
190308,1408.0
200101,367008.0
200104,204707.0
200105,8172.0
200110,8739.0
200115,76096.0
200301,1.0
200401,44283.0
200501,95014.0
200601,174175.0
200701,119420.0
200801,24.0
210101,384218.0
210102,881.0
210111,0.0
210201,16024.0
210301,34509.0
210401,6851.0
210402,436.0
210501,16027.0
210601,6913.0
210701,11054.0
210801,15391.0
210802,0.0
211001,1210.0
211101,226406.0
211201,6838.0
211301,9580.0
220101,316522.0
220102,8618.0
220103,38.0
220104,11127.0
220105,23898.0
220106,4337.0
220201,52608.0
220202,0.0
220203,285.0
220204,0.0
220205,458.0
220206,0.0
220301,16725.0
220302,0.0
220303,1563.0
220304,0.0
220305,0.0
220401,18647.0
220402,0.0
220403,1648.0
220404,0.0
220405,2764.0
220406,0.0
220501,35250.0
220502,2178.0
220503,852.0
220504,3696.0
220505,1439.0
220506,0.0
220507,0.0
220508,0.0
220509,0.0
220510,4792.0
220511,0.0
220601,106979.0
220602,216.0
220603,1046.0
220604,0.0
220605,0.0
220701,1348.0
220702,0.0
220703,254.0
220704,0.0
220705,56.0
220706,0.0
220707,280.0
220708,120.0
220709,37.0
220710,109.0
220801,117436.0
220802,6107.0
220803,15077.0
220804,48320.0
220805,13359.0
220806,4.0
220807,1788.0
220808,1.0
220809,1774.0
220901,571005.0
220902,0.0
220903,0.0
220904,4388.0
220905,0.0
220906,0.0
220907,1593.0
220908,511.0
220909,68483.0
220910,41784.0
220911,2279.0
220912,319.0
220913,3353.0
220914,0.0
221001,90706.0
221005,7.0
230101,110400.0
230102,1354.0
230103,436683.0
230104,1364.0
230110,2115.0
230301,0.0
230302,39466.0
230303,0.0
230401,0.0
240101,379532.0
240102,5682.0
240103,2228.0
240104,14.0
240105,0.0
240106,0.0
240201,15095.0
240202,5.0
240203,0.0
240301,10708.0
240302,3074.0
240303,0.0
240304,27.0
250101,400723.0
250102,29.0
250103,0.0
250104,0.0
250105,85944.0
250106,0.0
250107,10967.0
250201,2471.0
250202,0.0
250203,0.0
250301,541.0
250302,0.0
250303,0.0
250304,0.0
250305,0.0
250306,0.0
250307,0.0
